1;Адыгейск;Адыгея;Южный;12248;1973
2;Майкоп;Адыгея;Южный;144246;1857
3;Горно-Алтайск;Алтай;Сибирский;56928;1830
4;Алейск;Алтайский край;Сибирский;29512;1913
5;Барнаул;Алтайский край;Сибирский;612091;1730
6;Белокуриха;Алтайский край;Сибирский;14660;1803
7;Бийск;Алтайский край;Сибирский;210055;1709
8;Горняк;Алтайский край;Сибирский;13924;1942
9;Заринск;Алтайский край;Сибирский;48456;1979
10;Змеиногорск;Алтайский край;Сибирский;10955;1736
11;Камень-на-Оби;Алтайский край;Сибирский;43880;1751
12;Новоалтайск;Алтайский край;Сибирский;70438;1736
13;Рубцовск;Алтайский край;Сибирский;147008;1892
14;Славгород;Алтайский край;Сибирский;32390;1910
15;Яровое;Алтайский край;Сибирский;18605;1943
16;Белогорск;Амурская область;Дальневосточный;68220;1860
17;Благовещенск;Амурская область;Дальневосточный;214397;1856
18;Завитинск;Амурская область;Дальневосточный;11481;1906
19;Зея;Амурская область;Дальневосточный;25042;1879
20;Райчихинск;Амурская область;Дальневосточный;20499;1932
21;Свободный;Амурская область;Дальневосточный;58594;1912
22;Сковородино;Амурская область;Дальневосточный;9561;1908
23;Тында;Амурская область;Дальневосточный;35574;1907
24;Шимановск;Амурская область;Дальневосточный;19815;1910
25;Архангельск;Архангельская область;Северо-Западный;348716;1584
26;Вельск;Архангельская область;Северо-Западный;23885;1137
27;Каргополь;Архангельская область;Северо-Западный;10148;1146
28;Коряжма;Архангельская область;Северо-Западный;39629;1535
29;Котлас;Архангельская область;Северо-Западный;60562;1890
30;Мезень;Архангельская область;Северо-Западный;3599;16 век
31;Мирный;Архангельская область;Северо-Западный;30259;1957
32;Новодвинск;Архангельская область;Северо-Западный;40612;1936
33;Няндома;Архангельская область;Северо-Западный;22354;1898
34;Онега;Архангельская область;Северо-Западный;21359;1137
35;Северодвинск;Архангельская область;Северо-Западный;192265;1936
36;Сольвычегодск;Архангельская область;Северо-Западный;2460;14 век
37;Шенкурск;Архангельская область;Северо-Западный;5702;1137
38;Астрахань;Астраханская область;Южный;520662;1558
39;Ахтубинск;Астраханская область;Южный;41898;1959
40;Знаменск;Астраханская область;Южный;29357;1948
41;Камызяк;Астраханская область;Южный;16291;1560
42;Нариманов;Астраханская область;Южный;11386;1963
43;Харабали;Астраханская область;Южный;18209;1789
44;Агидель;Башкортостан;Приволжский;16365;1980
45;Баймак;Башкортостан;Приволжский;17710;1748
46;Белебей;Башкортостан;Приволжский;60183;1715
47;Белорецк;Башкортостан;Приволжский;68804;1762
48;Бирск;Башкортостан;Приволжский;41637;1663
49;Благовещенск;Башкортостан;Приволжский;34246;1756
50;Давлеканово;Башкортостан;Приволжский;24040;18 век
51;Дюртюли;Башкортостан;Приволжский;31272;1795
52;Ишимбай;Башкортостан;Приволжский;66259;1815
53;Кумертау;Башкортостан;Приволжский;62854;1947
54;Межгорье;Башкортостан;Приволжский;17353;1979
55;Мелеуз;Башкортостан;Приволжский;61408;18 век
56;Нефтекамск;Башкортостан;Приволжский;121757;1957
57;Октябрьский;Башкортостан;Приволжский;109379;1946
58;Салават;Башкортостан;Приволжский;156085;1948
59;Сибай;Башкортостан;Приволжский;62732;1913
60;Стерлитамак;Башкортостан;Приволжский;273432;1766
61;Туймазы;Башкортостан;Приволжский;66849;1912
62;Уфа;Башкортостан;Приволжский;1062300;1574
63;Учалы;Башкортостан;Приволжский;37771;1955
64;Янаул;Башкортостан;Приволжский;26988;1914
65;Алексеевка;Белгородская область;Центральный;39026;1685
66;Белгород;Белгородская область;Центральный;356426;1596
67;Бирюч;Белгородская область;Центральный;7842;1705
68;Валуйки;Белгородская область;Центральный;35322;1593
69;Грайворон;Белгородская область;Центральный;6234;1678
70;Губкин;Белгородская область;Центральный;88562;1939
71;Короча;Белгородская область;Центральный;5877;1637
72;Новый Оскол;Белгородская область;Центральный;19530;1647
73;Старый Оскол;Белгородская область;Центральный;221163;1593
74;Строитель;Белгородская область;Центральный;23933;1958
75;Шебекино;Белгородская область;Центральный;44277;1713
76;Брянск;Брянская область;Центральный;415640;985
77;Дятьково;Брянская область;Центральный;29438;1626
78;Жуковка;Брянская область;Центральный;18269;1871
79;Злынка;Брянская область;Центральный;5507;1702
80;Карачев;Брянская область;Центральный;19715;1146
81;Клинцы;Брянская область;Центральный;62510;1707
82;Мглин;Брянская область;Центральный;7916;1387
83;Новозыбков;Брянская область;Центральный;40552;1701
84;Почеп;Брянская область;Центральный;17933;1447
85;Севск;Брянская область;Центральный;7282;1146
86;Сельцо;Брянская область;Центральный;17933;1870-е
87;Стародуб;Брянская область;Центральный;19010;1080
88;Сураж;Брянская область;Центральный;11640;17 век
89;Трубчевск;Брянская область;Центральный;15014;975
90;Унеча;Брянская область;Центральный;26196;1887
91;Фокино;Брянская область;Центральный;13874;1899
92;Бабушкин;Бурятия;Сибирский;4839;1760-е
93;Гусиноозёрск;Бурятия;Сибирский;24603;1939
94;Закаменск;Бурятия;Сибирский;11530;1934
95;Кяхта;Бурятия;Сибирский;20041;1727
96;Северобайкальск;Бурятия;Сибирский;24935;1974
97;Улан-Удэ;Бурятия;Сибирский;404357;1666
98;Александров;Владимирская область;Центральный;61544;14 век
99;Владимир;Владимирская область;Центральный;348256;990
100;Вязники;Владимирская область;Центральный;41252;1608
101;Гороховец;Владимирская область;Центральный;14015;1158
102;Гусь-Хрустальный;Владимирская область;Центральный;60773;1756
103;Камешково;Владимирская область;Центральный;13113;1892
104;Карабаново;Владимирская область;Центральный;14868;1630
105;Киржач;Владимирская область;Центральный;30044;1332
106;Ковров;Владимирская область;Центральный;145492;12 век
107;Кольчугино;Владимирская область;Центральный;45804;1871
108;Костерёво;Владимирская область;Центральный;9136;1890
109;Курлово;Владимирская область;Центральный;6791;1811
110;Лакинск;Владимирская область;Центральный;15707;15 век
111;Меленки;Владимирская область;Центральный;15208;18 век
112;Муром;Владимирская область;Центральный;116078;862
113;Петушки;Владимирская область;Центральный;15167;1861
114;Покров;Владимирская область;Центральный;17762;1506
115;Радужный;Владимирская область;Центральный;18212;1971
116;Собинка;Владимирская область;Центральный;19482;1858
117;Струнино;Владимирская область;Центральный;14372;1492
118;Судогда;Владимирская область;Центральный;11848;1552
119;Суздаль;Владимирская область;Центральный;10535;999
120;Юрьев-Польский;Владимирская область;Центральный;19588;1152
121;Волгоград;Волгоградская область;Южный;1021244;1589
122;Волжский;Волгоградская область;Южный;314436;1951
123;Дубовка;Волгоградская область;Южный;14345;1732
124;Жирновск;Волгоградская область;Южный;16890;18 век
125;Калач-на-Дону;Волгоградская область;Южный;26892;1708
126;Камышин;Волгоградская область;Южный;119924;1668
127;Котельниково;Волгоградская область;Южный;20441;1897
128;Котово;Волгоградская область;Южный;24104;1710-е
129;Краснослободск;Волгоградская область;Южный;16007;1870
130;Ленинск;Волгоградская область;Южный;15527;1802
131;Михайловка;Волгоградская область;Южный;59153;1762
132;Николаевск;Волгоградская область;Южный;15081;1747
133;Новоаннинский;Волгоградская область;Южный;17911;1956
134;Палласовка;Волгоградская область;Южный;15984;1907
135;Петров Вал;Волгоградская область;Южный;13264;1942
136;Серафимович;Волгоградская область;Южный;9368;1589
137;Суровикино;Волгоградская область;Южный;20527;1744
138;Урюпинск;Волгоградская область;Южный;41594;1618
139;Фролово;Волгоградская область;Южный;39489;1859
140;Бабаево;Вологодская область;Северо-Западный;12074;15 век
141;Белозерск;Вологодская область;Северо-Западный;9614;862
142;Великий Устюг;Вологодская область;Северо-Западный;31664;1147
143;Вологда;Вологодская область;Северо-Западный;301642;1147
144;Вытегра;Вологодская область;Северо-Западный;10490;1710
145;Грязовец;Вологодская область;Северо-Западный;15528;1538
146;Кадников;Вологодская область;Северо-Западный;4797;1492
147;Кириллов;Вологодская область;Северо-Западный;7735;1397
148;Красавино;Вологодская область;Северо-Западный;7003;1848
149;Никольск;Вологодская область;Северо-Западный;8515;14 век
150;Сокол;Вологодская область;Северо-Западный;38454;1615
151;Тотьма;Вологодская область;Северо-Западный;9784;1137
152;Устюжна;Вологодская область;Северо-Западный;9478;1252
153;Харовск;Вологодская область;Северо-Западный;10078;1903
154;Череповец;Вологодская область;Северо-Западный;312311;1777
155;Бобров;Воронежская область;Центральный;19738;1698
156;Богучар;Воронежская область;Центральный;11811;1704
157;Борисоглебск;Воронежская область;Центральный;65585;1698
158;Бутурлиновка;Воронежская область;Центральный;27208;1740
159;Воронеж;Воронежская область;Центральный;889989;1586
160;Калач;Воронежская область;Центральный;20046;1716
161;Лиски;Воронежская область;Центральный;55864;16 век
162;Нововоронеж;Воронежская область;Центральный;32635;1957
163;Новохопёрск;Воронежская область;Центральный;6849;1710
164;Острогожск;Воронежская область;Центральный;33842;1652
165;Павловск;Воронежская область;Центральный;25126;1709
166;Поворино;Воронежская область;Центральный;17692;1870
167;Россошь;Воронежская область;Центральный;62865;17 век
168;Семилуки;Воронежская область;Центральный;26025;1615
169;Эртиль;Воронежская область;Центральный;11387;1897
170;Буйнакск;Дагестан;Северо-Кавказский;65735;1834
171;Дагестанские Огни;Дагестан;Северо-Кавказский;30671;1914
172;Дербент;Дагестан;Северо-Кавказский;119961;438
173;Избербаш;Дагестан;Северо-Кавказский;56301;1932
174;Каспийск;Дагестан;Северо-Кавказский;103914;1932
175;Кизилюрт;Дагестан;Северо-Кавказский;36187;1963
176;Кизляр;Дагестан;Северо-Кавказский;49169;1735
177;Махачкала;Дагестан;Северо-Кавказский;577990;1844
178;Хасавюрт;Дагестан;Северо-Кавказский;133929;1846
179;Южно-Сухокумск;Дагестан;Северо-Кавказский;10048;1958
180;Биробиджан;Еврейская АО;Дальневосточный;75419;1915
181;Облучье;Еврейская АО;Дальневосточный;9379;1911
182;Балей;Забайкальский край;Сибирский;12536;1736
183;Борзя;Забайкальский край;Сибирский;31376;1899
184;Краснокаменск;Забайкальский край;Сибирский;55668;1967
185;Могоча;Забайкальский край;Сибирский;13228;1910
186;Нерчинск;Забайкальский край;Сибирский;14976;1653
187;Петровск-Забайкальский;Забайкальский край;Сибирский;18555;1789
188;Сретенск;Забайкальский край;Сибирский;6850;1689
189;Хилок;Забайкальский край;Сибирский;11530;1895
190;Чита;Забайкальский край;Сибирский;323964;1653
191;Шилка;Забайкальский край;Сибирский;13947;1897
192;Вичуга;Ивановская область;Центральный;37609;1925
193;Гаврилов Посад;Ивановская область;Центральный;6434;1434
194;Заволжск;Ивановская область;Центральный;12045;19 век
195;Иваново;Ивановская область;Центральный;409277;1561
196;Кинешма;Ивановская область;Центральный;88113;1429
197;Комсомольск;Ивановская область;Центральный;8693;1931
198;Кохма;Ивановская область;Центральный;29408;1619
199;Наволоки;Ивановская область;Центральный;10207;1775
200;Плёс;Ивановская область;Центральный;2341;1410
201;Приволжск;Ивановская область;Центральный;16749;1484
202;Пучеж;Ивановская область;Центральный;8583;1594
203;Родники;Ивановская область;Центральный;26318;1606
204;Тейково;Ивановская область;Центральный;34993;17 век
205;Фурманов;Ивановская область;Центральный;36149;1918
206;Шуя;Ивановская область;Центральный;58528;1394
207;Южа;Ивановская область;Центральный;14170;1628
208;Юрьевец;Ивановская область;Центральный;10205;1225
209;Карабулак;Ингушетия;Северо-Кавказский;31081;1859
210;Магас;Ингушетия;Северо-Кавказский;2505;1995
211;Малгобек;Ингушетия;Северо-Кавказский;31076;1934
212;Назрань;Ингушетия;Северо-Кавказский;93357;1781
213;Алзамай;Иркутская область;Сибирский;6751;1899
214;Ангарск;Иркутская область;Сибирский;233765;1948
215;Байкальск;Иркутская область;Сибирский;13589;1961
216;Бирюсинск;Иркутская область;Сибирский;8981;1967
217;Бодайбо;Иркутская область;Сибирский;15331;1864
218;Братск;Иркутская область;Сибирский;246348;1631
219;Вихоревка;Иркутская область;Сибирский;22528;1957
220;Железногорск-Илимский;Иркутская область;Сибирский;26134;1948
221;Зима;Иркутская область;Сибирский;32522;1743
222;Иркутск;Иркутская область;Сибирский;587225;1661
223;Киренск;Иркутская область;Сибирский;12652;1630
224;Нижнеудинск;Иркутская область;Сибирский;37056;1648
225;Саянск;Иркутская область;Сибирский;40786;1970
226;Свирск;Иркутская область;Сибирский;13649;19 век
227;Слюдянка;Иркутская область;Сибирский;18542;1899
228;Тайшет;Иркутская область;Сибирский;35481;1897
229;Тулун;Иркутская область;Сибирский;44603;1735
230;Усолье-Сибирское;Иркутская область;Сибирский;83364;1669
231;Усть-Илимск;Иркутская область;Сибирский;86591;1966
232;Усть-Кут;Иркутская область;Сибирский;45061;1631
233;Черемхово;Иркутская область;Сибирский;52650;1772
234;Шелехов;Иркутская область;Сибирский;47960;1953
235;Баксан;Кабардино-Балкария;Северо-Кавказский;36857;1891
236;Майский;Кабардино-Балкария;Северо-Кавказский;26755;19 век
237;Нальчик;Кабардино-Балкария;Северо-Кавказский;240095;1724
238;Нарткала;Кабардино-Балкария;Северо-Кавказский;31679;1913
239;Прохладный;Кабардино-Балкария;Северо-Кавказский;59595;1765
240;Терек;Кабардино-Балкария;Северо-Кавказский;19170;1876
241;Тырныауз;Кабардино-Балкария;Северо-Кавказский;21000;1934
242;Чегем;Кабардино-Балкария;Северо-Кавказский;17988;
243;Багратионовск;Калининградская область;Северо-Западный;6399;1336
244;Балтийск;Калининградская область;Северо-Западный;32670;1626
245;Гвардейск;Калининградская область;Северо-Западный;13888;1255
246;Гурьевск;Калининградская область;Северо-Западный;12433;1262
247;Гусев;Калининградская область;Северо-Западный;28260;16 век
248;Зеленоградск;Калининградская область;Северо-Западный;13015;1252
249;Калининград;Калининградская область;Северо-Западный;431491;1255
250;Краснознаменск;Калининградская область;Северо-Западный;3522;1576
251;Ладушкин;Калининградская область;Северо-Западный;3788;1314
252;Мамоново;Калининградская область;Северо-Западный;7757;1301
253;Неман;Калининградская область;Северо-Западный;11794;1277
254;Нестеров;Калининградская область;Северо-Западный;4584;1539
255;Озёрск;Калининградская область;Северо-Западный;4740;1539
256;Пионерский;Калининградская область;Северо-Западный;11017;1254
257;Полесск;Калининградская область;Северо-Западный;7580;1258
258;Правдинск;Калининградская область;Северо-Западный;4323;1312
259;Светлогорск;Калининградская область;Северо-Западный;10775;1258
260;Светлый;Калининградская область;Северо-Западный;21380;1640
261;Славск;Калининградская область;Северо-Западный;4614;1292
262;Советск;Калининградская область;Северо-Западный;41709;1288
263;Черняховск;Калининградская область;Северо-Западный;40464;1336
264;Приморск;Калининградская область;Северо-Западный;1956;1268
265;Городовиковск;Калмыкия;Южный;9565;1872
266;Лагань;Калмыкия;Южный;14323;1870
267;Элиста;Калмыкия;Южный;103728;1865
268;Балабаново;Калужская область;Центральный;26337;1584
269;Белоусово;Калужская область;Центральный;8432;1962
270;Боровск;Калужская область;Центральный;12283;1358
271;Ермолино;Калужская область;Центральный;10409;
272;Жиздра;Калужская область;Центральный;5585;1146
273;Жуков;Калужская область;Центральный;12150;17 век
274;Калуга;Калужская область;Центральный;325185;1371
275;Киров;Калужская область;Центральный;31888;1745
276;Козельск;Калужская область;Центральный;18203;12 век
277;Кондрово;Калужская область;Центральный;16672;1615
278;Кремёнки;Калужская область;Центральный;11617;18 век
279;Людиново;Калужская область;Центральный;40550;1626
280;Малоярославец;Калужская область;Центральный;30401;1402
281;Медынь;Калужская область;Центральный;8298;1386
282;Мещовск;Калужская область;Центральный;4101;1238
283;Мосальск;Калужская область;Центральный;4285;1231
284;Обнинск;Калужская область;Центральный;104798;1946
285;Сосенский;Калужская область;Центральный;12394;1952
286;Спас-Деменск;Калужская область;Центральный;4904;1446
287;Сухиничи;Калужская область;Центральный;16295;18 век
288;Таруса;Калужская область;Центральный;9656;1246
289;Юхнов;Калужская область;Центральный;7056;1410
290;Вилючинск;Камчатский край;Дальневосточный;22905;1968
291;Елизово;Камчатский край;Дальневосточный;39548;1848
292;Петропавловск-Камчатский;Камчатский край;Дальневосточный;179526;1740
293;Карачаевск;Карачаево-Черкесия;Северо-Кавказский;23848;1926
294;Теберда;Карачаево-Черкесия;Северо-Кавказский;9097;1868
295;Усть-Джегута;Карачаево-Черкесия;Северо-Кавказский;30602;1868
296;Черкесск;Карачаево-Черкесия;Северо-Кавказский;121439;1825
297;Беломорск;Карелия;Северо-Западный;11217;12 век
298;Кемь;Карелия;Северо-Западный;13061;14 век
299;Кондопога;Карелия;Северо-Западный;32978;1563
300;Костомукша;Карелия;Северо-Западный;28433;1977
301;Лахденпохья;Карелия;Северо-Западный;7818;1600
302;Медвежьегорск;Карелия;Северо-Западный;15536;1916
303;Олонец;Карелия;Северо-Западный;9060;1137
304;Петрозаводск;Карелия;Северо-Западный;263540;1703
305;Питкяранта;Карелия;Северо-Западный;11484;19 век
306;Пудож;Карелия;Северо-Западный;9698;1382
307;Сегежа;Карелия;Северо-Западный;29660;1914
308;Сортавала;Карелия;Северо-Западный;19215;1468
309;Суоярви;Карелия;Северо-Западный;9763;16 век
310;Анжеро-Судженск;Кемеровская область;Сибирский;76669;1896
311;Белово;Кемеровская область;Сибирский;76752;1726
312;Берёзовский;Кемеровская область;Сибирский;47292;1965
313;Гурьевск;Кемеровская область;Сибирский;24816;1816
314;Калтан;Кемеровская область;Сибирский;21893;1946
315;Кемерово;Кемеровская область;Сибирский;532884;1918
316;Киселёвск;Кемеровская область;Сибирский;98382;1917
317;Ленинск-Кузнецкий;Кемеровская область;Сибирский;101666;1763
318;Мариинск;Кемеровская область;Сибирский;40522;1698
319;Междуреченск;Кемеровская область;Сибирский;101995;1946
320;Мыски;Кемеровская область;Сибирский;43029;1826
321;Новокузнецк;Кемеровская область;Сибирский;547885;1618
322;Осинники;Кемеровская область;Сибирский;45997;1926
323;Полысаево;Кемеровская область;Сибирский;27624;1989
324;Прокопьевск;Кемеровская область;Сибирский;210150;1650
325;Салаир;Кемеровская область;Сибирский;8263;1626
326;Тайга;Кемеровская область;Сибирский;25330;1896
327;Таштагол;Кемеровская область;Сибирский;23114;1939
328;Топки;Кемеровская область;Сибирский;28642;1914
329;Юрга;Кемеровская область;Сибирский;81536;1886
330;Белая Холуница;Кировская область;Приволжский;11232;1764
331;Вятские Поляны;Кировская область;Приволжский;35159;1596
332;Зуевка;Кировская область;Приволжский;11198;1899
333;Киров;Кировская область;Приволжский;473668;1181
334;Кирово-Чепецк;Кировская область;Приволжский;80920;1935
335;Кирс;Кировская область;Приволжский;10420;1729
336;Котельнич;Кировская область;Приволжский;24979;1143
337;Луза;Кировская область;Приволжский;11262;1899
338;Малмыж;Кировская область;Приволжский;8265;15 век
339;Мураши;Кировская область;Приволжский;6752;1895
340;Нолинск;Кировская область;Приволжский;9556;1668
341;Омутнинск;Кировская область;Приволжский;23618;1773
342;Орлов;Кировская область;Приволжский;6959;1459
343;Слободской;Кировская область;Приволжский;33983;1505
344;Советск;Кировская область;Приволжский;16592;12 век
345;Сосновка;Кировская область;Приволжский;11960;1699
346;Уржум;Кировская область;Приволжский;10213;1584
347;Яранск;Кировская область;Приволжский;17252;1584
348;Воркута;Коми;Северо-Западный;70551;1936
349;Вуктыл;Коми;Северо-Западный;12357;1968
350;Емва;Коми;Северо-Западный;14574;1941
351;Инта;Коми;Северо-Западный;32021;1940
352;Микунь;Коми;Северо-Западный;10732;1937
353;Печора;Коми;Северо-Западный;43458;1940
354;Сосногорск;Коми;Северо-Западный;27809;1939
355;Сыктывкар;Коми;Северо-Западный;235006;1780
356;Усинск;Коми;Северо-Западный;41100;1966
357;Ухта;Коми;Северо-Западный;99642;1929
358;Буй;Костромская область;Центральный;25763;1536
359;Волгореченск;Костромская область;Центральный;17108;1964
360;Галич;Костромская область;Центральный;17346;1159
361;Кологрив;Костромская область;Центральный;3314;17 век
362;Кострома;Костромская область;Центральный;268617;1152
363;Макарьев;Костромская область;Центральный;7114;1439
364;Мантурово;Костромская область;Центральный;17479;1617
365;Нерехта;Костромская область;Центральный;22817;1214
366;Нея;Костромская область;Центральный;9827;1906
367;Солигалич;Костромская область;Центральный;6438;1335
368;Чухлома;Костромская область;Центральный;5209;1381
369;Шарья;Костромская область;Центральный;23668;1906
370;Абинск;Краснодарский край;Южный;34926;1863
371;Анапа;Краснодарский край;Южный;58983;1781
372;Апшеронск;Краснодарский край;Южный;40229;1863
373;Армавир;Краснодарский край;Южный;188897;1839
374;Белореченск;Краснодарский край;Южный;53891;1862
375;Геленджик;Краснодарский край;Южный;54813;1831
376;Горячий Ключ;Краснодарский край;Южный;30093;1868
377;Гулькевичи;Краснодарский край;Южный;35225;1875
378;Ейск;Краснодарский край;Южный;87771;1848
379;Кореновск;Краснодарский край;Южный;41179;1794
380;Краснодар;Краснодарский край;Южный;744933;1793
381;Кропоткин;Краснодарский край;Южный;80743;1879
382;Крымск;Краснодарский край;Южный;57370;1862
383;Курганинск;Краснодарский край;Южный;47974;1855
384;Лабинск;Краснодарский край;Южный;62822;1841
385;Новокубанск;Краснодарский край;Южный;34847;1867
386;Новороссийск;Краснодарский край;Южный;241788;1838
387;Приморско-Ахтарск;Краснодарский край;Южный;32253;1854
388;Славянск-на-Кубани;Краснодарский край;Южный;63768;1865
389;Сочи;Краснодарский край;Южный;343285;1838
390;Темрюк;Краснодарский край;Южный;38014;1860
391;Тимашёвск;Краснодарский край;Южный;53921;1794
392;Тихорецк;Краснодарский край;Южный;61825;1895
393;Туапсе;Краснодарский край;Южный;63233;1838
394;Усть-Лабинск;Краснодарский край;Южный;43268;1794
395;Хадыженск;Краснодарский край;Южный;21580;1864
396;Артёмовск;Красноярский край;Сибирский;2180;1700
397;Ачинск;Красноярский край;Сибирский;109156;1683
398;Боготол;Красноярский край;Сибирский;21029;1893
399;Бородино;Красноярский край;Сибирский;17423;1949
400;Дивногорск;Красноярский край;Сибирский;28271;1956
401;Дудинка;Красноярский край;Сибирский;22207;1667
402;Енисейск;Красноярский край;Сибирский;18769;1619
403;Железногорск;Красноярский край;Сибирский;85559;1950
404;Заозёрный;Красноярский край;Сибирский;10683;1776
405;Зеленогорск;Красноярский край;Сибирский;66018;1956
406;Игарка;Красноярский край;Сибирский;6183;1929
407;Иланский;Красноярский край;Сибирский;16108;1646
408;Канск;Красноярский край;Сибирский;94230;1636
409;Кодинск;Красноярский край;Сибирский;14835;1977
410;Красноярск;Красноярский край;Сибирский;1000000;1628
411;Лесосибирск;Красноярский край;Сибирский;61146;1975
412;Минусинск;Красноярский край;Сибирский;71171;1739
413;Назарово;Красноярский край;Сибирский;52829;1700
414;Норильск;Красноярский край;Сибирский;175301;1935
415;Сосновоборск;Красноярский край;Сибирский;33090;1971
416;Ужур;Красноярский край;Сибирский;16079;1760
417;Уяр;Красноярский край;Сибирский;12666;1760
418;Шарыпово;Красноярский край;Сибирский;38570;18 век
419;Далматово;Курганская область;Уральский;13913;1644
420;Катайск;Курганская область;Уральский;14017;1655
421;Курган;Курганская область;Уральский;333640;1679
422;Куртамыш;Курганская область;Уральский;17098;1745
423;Макушино;Курганская область;Уральский;8337;17 век
424;Петухово;Курганская область;Уральский;11291;1779
425;Шадринск;Курганская область;Уральский;77744;1662
426;Шумиха;Курганская область;Уральский;17821;1892
427;Щучье;Курганская область;Уральский;10971;1750
428;Дмитриев;Курская область;Центральный;7721;1779
429;Железногорск;Курская область;Центральный;95057;1957
430;Курск;Курская область;Центральный;414595;1032
431;Курчатов;Курская область;Центральный;42691;1968
432;Льгов;Курская область;Центральный;21452;1152
433;Обоянь;Курская область;Центральный;13562;1639
434;Рыльск;Курская область;Центральный;15667;1152
435;Суджа;Курская область;Центральный;6036;16 век
436;Фатеж;Курская область;Центральный;5404;16 век
437;Щигры;Курская область;Центральный;17043;18 век
438;Бокситогорск;Ленинградская область;Северо-Западный;16593;1929
439;Волосово;Ленинградская область;Северо-Западный;12162;1870
440;Волхов;Ленинградская область;Северо-Западный;47344;1918
441;Всеволожск;Ленинградская область;Северо-Западный;59689;1892
442;Выборг;Ленинградская область;Северо-Западный;80013;1293
443;Высоцк;Ленинградская область;Северо-Западный;1244;1532
444;Гатчина;Ленинградская область;Северо-Западный;92566;1499
445;Ивангород;Ленинградская область;Северо-Западный;9797;1492
446;Каменногорск;Ленинградская область;Северо-Западный;6761;1597
447;Кингисепп;Ленинградская область;Северо-Западный;48667;1384
448;Кириши;Ленинградская область;Северо-Западный;52826;1693
449;Кировск;Ленинградская область;Северо-Западный;25633;1931
450;Коммунар;Ленинградская область;Северо-Западный;20265;1840-е
451;Лодейное Поле;Ленинградская область;Северо-Западный;21053;1702
452;Луга;Ленинградская область;Северо-Западный;36409;1777
453;Любань;Ленинградская область;Северо-Западный;4188;1499
454;Никольское;Ленинградская область;Северо-Западный;19345;1710
455;Новая Ладога;Ленинградская область;Северо-Западный;8890;1704
456;Отрадное;Ленинградская область;Северо-Западный;23874;1708
457;Пикалёво;Ленинградская область;Северо-Западный;21567;1620
458;Подпорожье;Ленинградская область;Северо-Западный;18729;1936
459;Приморск;Ленинградская область;Северо-Западный;6122;1268
460;Приозерск;Ленинградская область;Северо-Западный;18929;12 век
461;Светогорск;Ленинградская область;Северо-Западный;15973;1887
462;Сертолово;Ленинградская область;Северо-Западный;47854;1936
463;Сланцы;Ленинградская область;Северо-Западный;33587;1934
464;Сосновый Бор;Ленинградская область;Северо-Западный;65901;1958
465;Сясьстрой;Ленинградская область;Северо-Западный;13747;1926
466;Тихвин;Ленинградская область;Северо-Западный;58843;1383
467;Тосно;Ленинградская область;Северо-Западный;39127;1500
468;Шлиссельбург;Ленинградская область;Северо-Западный;13305;1323
469;Грязи;Липецкая область;Центральный;46798;1868
470;Данков;Липецкая область;Центральный;21056;1563
471;Елец;Липецкая область;Центральный;108404;1146
472;Задонск;Липецкая область;Центральный;9695;1615
473;Лебедянь;Липецкая область;Центральный;20991;1605
474;Липецк;Липецкая область;Центральный;508124;1703
475;Усмань;Липецкая область;Центральный;18752;1645
476;Чаплыгин;Липецкая область;Центральный;12656;1638
477;Магадан;Магаданская область;Дальневосточный;95925;1929
478;Сусуман;Магаданская область;Дальневосточный;5865;1938
479;Волжск;Марий Эл;Приволжский;55671;16 век
480;Звенигово;Марий Эл;Приволжский;11945;1860
481;Йошкар-Ола;Марий Эл;Приволжский;248688;1584
482;Козьмодемьянск;Марий Эл;Приволжский;21262;1583
483;Ардатов;Мордовия;Приволжский;9400;1671
484;Инсар;Мордовия;Приволжский;8687;1648
485;Ковылкино;Мордовия;Приволжский;21307;1892
486;Краснослободск;Мордовия;Приволжский;10151;1571
487;Рузаевка;Мордовия;Приволжский;47529;1631
488;Саранск;Мордовия;Приволжский;297425;1641
489;Темников;Мордовия;Приволжский;7247;12 век
490;Москва;Москва;Центральный;11514330;1147
491;Апрелевка;Московская область;Центральный;18467;1899
492;Балашиха;Московская область;Центральный;215353;1830
493;Бронницы;Московская область;Центральный;21102;1453
494;Верея;Московская область;Центральный;5368;1371
495;Видное;Московская область;Центральный;56798;1949
496;Волоколамск;Московская область;Центральный;23386;1135
497;Воскресенск;Московская область;Центральный;91301;1862
498;Высоковск;Московская область;Центральный;10642;1864
499;Голицыно;Московская область;Центральный;17447;1872
500;Дедовск;Московская область;Центральный;29280;1911
501;Дзержинский;Московская область;Центральный;47125;1380-е
502;Дмитров;Московская область;Центральный;61454;1154
503;Долгопрудный;Московская область;Центральный;90976;1931
504;Домодедово;Московская область;Центральный;96123;1900
505;Дрезна;Московская область;Центральный;11815;1897
506;Дубна;Московская область;Центральный;70569;1956
507;Егорьевск;Московская область;Центральный;70133;1462
508;Железнодорожный;Московская область;Центральный;131729;1861
509;Жуковский;Московская область;Центральный;102729;1947
510;Зарайск;Московская область;Центральный;24648;1146
511;Звенигород;Московская область;Центральный;16395;1152
512;Ивантеевка;Московская область;Центральный;58594;1564
513;Истра;Московская область;Центральный;35106;1589
514;Кашира;Московская область;Центральный;41880;1356
515;Климовск;Московская область;Центральный;56113;1882
516;Клин;Московская область;Центральный;80584;1317
517;Коломна;Московская область;Центральный;144642;1177
518;Котельники;Московская область;Центральный;32347;17 век
519;Королёв;Московская область;Центральный;183452;1938
520;Красноармейск;Московская область;Центральный;26294;1928
521;Красногорск;Московская область;Центральный;116738;1932
522;Краснозаводск;Московская область;Центральный;13432;1916
523;Краснознаменск;Московская область;Центральный;36057;1952
524;Кубинка;Московская область;Центральный;22918;15 век
525;Куровское;Московская область;Центральный;21821;1646
526;Ликино-Дулёво;Московская область;Центральный;31331;1930
527;Лобня;Московская область;Центральный;74350;1902
528;Лосино-Петровский;Московская область;Центральный;22550;1708
529;Луховицы;Московская область;Центральный;29849;1594
530;Лыткарино;Московская область;Центральный;55147;15 век
531;Люберцы;Московская область;Центральный;171978;1623
532;Можайск;Московская область;Центральный;31388;1231
533;Московский;Москва;Центральный;17363;1969
534;Мытищи;Московская область;Центральный;173341;1460
535;Наро-Фоминск;Московская область;Центральный;64640;1840
536;Ногинск;Московская область;Центральный;99762;1389
537;Одинцово;Московская область;Центральный;139021;1470
538;Ожерелье;Московская область;Центральный;10444;1578
539;Озёры;Московская область;Центральный;25788;1834
540;Орехово-Зуево;Московская область;Центральный;120620;1917
541;Павловский Посад;Московская область;Центральный;63771;1328
542;Пересвет;Московская область;Центральный;14142;1948
543;Подольск;Московская область;Центральный;187956;1559
544;Протвино;Московская область;Центральный;37308;1960
545;Пушкино;Московская область;Центральный;102840;1499
546;Пущино;Московская область;Центральный;20263;1956
547;Раменское;Московская область;Центральный;96355;1378
548;Реутов;Московская область;Центральный;87195;15 век
549;Рошаль;Московская область;Центральный;21265;1916
550;Руза;Московская область;Центральный;13495;1328
551;Сергиев Посад;Московская область;Центральный;110878;1337
552;Серпухов;Московская область;Центральный;126496;1339
553;Солнечногорск;Московская область;Центральный;52996;18 век
554;Старая Купавна;Московская область;Центральный;21859;14 век
555;Ступино;Московская область;Центральный;66942;1938
556;Талдом;Московская область;Центральный;13819;1929
557;Троицк;Москва;Центральный;39874;17 век
558;Фрязино;Московская область;Центральный;55449;1584
559;Химки;Московская область;Центральный;207125;1850
560;Хотьково;Московская область;Центральный;21612;1308
561;Черноголовка;Московская область;Центральный;20986;1710
562;Чехов;Московская область;Центральный;60677;1175
563;Шатура;Московская область;Центральный;32836;1423
564;Щёлково;Московская область;Центральный;110380;16 век
565;Щербинка;Москва;Центральный;32836;14 век
566;Электрогорск;Московская область;Центральный;22120;1912
567;Электросталь;Московская область;Центральный;155324;1916
568;Электроугли;Московская область;Центральный;20120;1899
569;Юбилейный;Московская область;Центральный;33221;1972
570;Яхрома;Московская область;Центральный;13248;1841
571;Апатиты;Мурманская область;Северо-Западный;59690;1926
572;Гаджиево;Мурманская область;Северо-Западный;11089;1957
573;Заозёрск;Мурманская область;Северо-Западный;11206;1958
574;Заполярный;Мурманская область;Северо-Западный;15835;1956
575;Кандалакша;Мурманская область;Северо-Западный;35659;11 век
576;Кировск;Мурманская область;Северо-Западный;28659;1929
577;Ковдор;Мурманская область;Северо-Западный;18836;1953
578;Кола;Мурманская область;Северо-Западный;10447;1517
579;Мончегорск;Мурманская область;Северо-Западный;45381;1937
580;Мурманск;Мурманская область;Северо-Западный;307664;1916
581;Оленегорск;Мурманская область;Северо-Западный;23079;1949
582;Островной;Мурманская область;Северо-Западный;2177;1611
583;Полярные Зори;Мурманская область;Северо-Западный;15106;1968
584;Полярный;Мурманская область;Северо-Западный;17304;1896
585;Североморск;Мурманская область;Северо-Западный;50076;1896
586;Снежногорск;Мурманская область;Северо-Западный;12698;1970
587;Нарьян-Мар;Ненецкий Авт. Окр.;Северо-Западный;21296;1929
588;Арзамас;Нижегородская область;Приволжский;106367;1552
589;Балахна;Нижегородская область;Приволжский;51526;1399
590;Богородск;Нижегородская область;Приволжский;25497;1570
591;Бор;Нижегородская область;Приволжский;78079;14 век
592;Ветлуга;Нижегородская область;Приволжский;8956;1606
593;Володарск;Нижегородская область;Приволжский;9924;1932
594;Ворсма;Нижегородская область;Приволжский;11622;16 век
595;Выкса;Нижегородская область;Приволжский;56196;1757
596;Горбатов;Нижегородская область;Приволжский;2278;16 век
597;Городец;Нижегородская область;Приволжский;30699;12 век
598;Дзержинск;Нижегородская область;Приволжский;240762;1606
599;Заволжье;Нижегородская область;Приволжский;40265;1950
600;Княгинино;Нижегородская область;Приволжский;6708;1569
601;Кстово;Нижегородская область;Приволжский;66641;15 век
602;Кулебаки;Нижегородская область;Приволжский;35762;1677-1678
603;Лукоянов;Нижегородская область;Приволжский;14949;16 век
604;Лысково;Нижегородская область;Приволжский;21882;1410
605;Навашино;Нижегородская область;Приволжский;16413;1957
606;Нижний Новгород;Нижегородская область;Приволжский;1250615;1221
607;Павлово;Нижегородская область;Приволжский;60699;1566
608;Первомайск;Нижегородская область;Приволжский;14567;19 век
609;Перевоз;Нижегородская область;Приволжский;9201;16 век
610;Саров;Нижегородская область;Приволжский;92073;1691
611;Семёнов;Нижегородская область;Приволжский;24472;1644
612;Сергач;Нижегородская область;Приволжский;21387;1649
613;Урень;Нижегородская область;Приволжский;12311;1719
614;Чкаловск;Нижегородская область;Приволжский;12371;12 век
615;Шахунья;Нижегородская область;Приволжский;21337;1921
616;Боровичи;Новгородская область;Северо-Западный;54731;15 век
617;Валдай;Новгородская область;Северо-Западный;16099;15 век
618;Великий Новгород;Новгородская область;Северо-Западный;218724;8—9 века
619;Малая Вишера;Новгородская область;Северо-Западный;12461;1843
620;Окуловка;Новгородская область;Северо-Западный;12464;1851
621;Пестово;Новгородская область;Северо-Западный;15911;1918
622;Сольцы;Новгородская область;Северо-Западный;10317;1390
623;Старая Русса;Новгородская область;Северо-Западный;32235;1167
624;Холм;Новгородская область;Северо-Западный;3829;1144
625;Чудово;Новгородская область;Северо-Западный;16148;16 век
626;Барабинск;Новосибирская область;Сибирский;30250;1893
627;Бердск;Новосибирская область;Сибирский;98809;1944
628;Болотное;Новосибирская область;Сибирский;16969;1805
629;Искитим;Новосибирская область;Сибирский;60072;1717
630;Карасук;Новосибирская область;Сибирский;28929;1912
631;Каргат;Новосибирская область;Сибирский;10620;18 век
632;Куйбышев;Новосибирская область;Сибирский;47278;1722
633;Купино;Новосибирская область;Сибирский;15448;1886
634;Новосибирск;Новосибирская область;Сибирский;1498921;1893
635;Обь;Новосибирская область;Сибирский;26137;1934
636;Татарск;Новосибирская область;Сибирский;26114;1894
637;Тогучин;Новосибирская область;Сибирский;21531;1867
638;Черепаново;Новосибирская область;Сибирский;19346;1912
639;Чулым;Новосибирская область;Сибирский;11964;1762
640;Исилькуль;Омская область;Сибирский;25905;1895
641;Калачинск;Омская область;Сибирский;24000;1952
642;Называевск;Омская область;Сибирский;12119;1910
643;Омск;Омская область;Сибирский;1154000;1716
644;Тара;Омская область;Сибирский;26664;1594
645;Тюкалинск;Омская область;Сибирский;12050;1759
646;Абдулино;Оренбургская область;Приволжский;20663;1795
647;Бугуруслан;Оренбургская область;Приволжский;52249;1748
648;Бузулук;Оренбургская область;Приволжский;82816;1736
649;Гай;Оренбургская область;Приволжский;38302;1959
650;Кувандык;Оренбургская область;Приволжский;26176;19 век
651;Медногорск;Оренбургская область;Приволжский;27253;1933
652;Новотроицк;Оренбургская область;Приволжский;97914;1920
653;Оренбург;Оренбургская область;Приволжский;570329;1743
654;Орск;Оренбургская область;Приволжский;238006;1735
655;Соль-Илецк;Оренбургская область;Приволжский;26308;1754
656;Сорочинск;Оренбургская область;Приволжский;30136;1737
657;Ясный;Оренбургская область;Приволжский;16082;1961
658;Болхов;Орловская область;Центральный;11421;1196
659;Дмитровск;Орловская область;Центральный;5956;1711
660;Ливны;Орловская область;Центральный;50430;1586
661;Малоархангельск;Орловская область;Центральный;3872;17 век
662;Мценск;Орловская область;Центральный;43216;1146
663;Новосиль;Орловская область;Центральный;3799;1155
664;Орёл;Орловская область;Центральный;317854;1566
665;Белинский;Пензенская область;Приволжский;8567;1708
666;Городище;Пензенская область;Приволжский;8102;1681
667;Заречный;Пензенская область;Приволжский;63579;1958
668;Каменка;Пензенская область;Приволжский;39579;18 век
669;Кузнецк;Пензенская область;Приволжский;88886;1699
670;Нижний Ломов;Пензенская область;Приволжский;22678;1636
671;Никольск;Пензенская область;Приволжский;22471;1761
672;Пенза;Пензенская область;Приволжский;519592;1663
673;Сердобск;Пензенская область;Приволжский;35393;1698
674;Спасск;Пензенская область;Приволжский;7442;17 век
675;Сурск;Пензенская область;Приволжский;7032;1849
676;Александровск;Пермский край;Приволжский;15022;1783
677;Березники;Пермский край;Приволжский;156350;1932
678;Верещагино;Пермский край;Приволжский;22760;1898
679;Горнозаводск;Пермский край;Приволжский;12334;1947
680;Гремячинск;Пермский край;Приволжский;11005;1941
681;Губаха;Пермский край;Приволжский;27544;1755
682;Добрянка;Пермский край;Приволжский;35720;1623
683;Кизел;Пермский край;Приволжский;20277;1750
684;Красновишерск;Пермский край;Приволжский;17129;1894
685;Краснокамск;Пермский край;Приволжский;52632;1929
686;Кудымкар;Пермский край;Приволжский;30711;1579
687;Кунгур;Пермский край;Приволжский;67857;1663
688;Лысьва;Пермский край;Приволжский;67712;1785
689;Нытва;Пермский край;Приволжский;19041;1756
690;Оса;Пермский край;Приволжский;22420;1591
691;Оханск;Пермский край;Приволжский;7597;1547
692;Очёр;Пермский край;Приволжский;15003;1759
693;Пермь;Пермский край;Приволжский;1000679;1723
694;Соликамск;Пермский край;Приволжский;97239;1430
695;Усолье;Пермский край;Приволжский;5694;1606
696;Чайковский;Пермский край;Приволжский;82933;1955
697;Чердынь;Пермский край;Приволжский;4920;1451
698;Чёрмоз;Пермский край;Приволжский;4017;1701
699;Чернушка;Пермский край;Приволжский;33275;1854
700;Чусовой;Пермский край;Приволжский;46740;1878
701;Арсеньев;Приморский край;Дальневосточный;56742;1902
702;Артём;Приморский край;Дальневосточный;102636;1924
703;Большой Камень;Приморский край;Дальневосточный;40701;1947
704;Владивосток;Приморский край;Дальневосточный;592069;1860
705;Дальнегорск;Приморский край;Дальневосточный;37503;1897
706;Дальнереченск;Приморский край;Дальневосточный;27601;1859
707;Лесозаводск;Приморский край;Дальневосточный;36975;1932
708;Находка;Приморский край;Дальневосточный;159695;1864
709;Партизанск;Приморский край;Дальневосточный;38648;1896
710;Спасск-Дальний;Приморский край;Дальневосточный;44166;1886
711;Уссурийск;Приморский край;Дальневосточный;157946;1866
712;Фокино;Приморский край;Дальневосточный;23683;1891
713;Великие Луки;Псковская область;Северо-Западный;98778;1166
714;Гдов;Псковская область;Северо-Западный;4379;14 век
715;Дно;Псковская область;Северо-Западный;9061;1897
716;Невель;Псковская область;Северо-Западный;16324;1562
717;Новоржев;Псковская область;Северо-Западный;3695;1777
718;Новосокольники;Псковская область;Северо-Западный;8119;1901
719;Опочка;Псковская область;Северо-Западный;11601;1414
720;Остров;Псковская область;Северо-Западный;21670;1341
721;Печоры;Псковская область;Северо-Западный;12308;1473
722;Порхов;Псковская область;Северо-Западный;10608;1239
723;Псков;Псковская область;Северо-Западный;203974;903
724;Пустошка;Псковская область;Северо-Западный;4619;1901
725;Пыталово;Псковская область;Северо-Западный;5826;1782
726;Себеж;Псковская область;Северо-Западный;6375;1414
727;Азов;Ростовская область;Южный;82882;1067
728;Аксай;Ростовская область;Южный;41984;1957
729;Батайск;Ростовская область;Южный;112400;1938
730;Белая Калитва;Ростовская область;Южный;43688;1703
731;Волгодонск;Ростовская область;Южный;170621;1950
732;Гуково;Ростовская область;Южный;67268;1878
733;Донецк;Ростовская область;Южный;50085;1681
734;Зверево;Ростовская область;Южный;22416;1819
735;Зерноград;Ростовская область;Южный;26850;1929
736;Каменск-Шахтинский;Ростовская область;Южный;95306;1671
737;Константиновск;Ростовская область;Южный;17926;1864
738;Красный Сулин;Ростовская область;Южный;40866;1797
739;Миллерово;Ростовская область;Южный;36493;1786
740;Морозовск;Ростовская область;Южный;27644;1910
741;Новочеркасск;Ростовская область;Южный;169039;1805
742;Новошахтинск;Ростовская область;Южный;111087;1910
743;Пролетарск;Ростовская область;Южный;20267;17 век
744;Ростов-на-Дону;Ростовская область;Южный;1091544;1749
745;Сальск;Ростовская область;Южный;61312;1812
746;Семикаракорск;Ростовская область;Южный;23884;1672
747;Таганрог;Ростовская область;Южный;257692;1698
748;Цимлянск;Ростовская область;Южный;15029;1672
749;Шахты;Ростовская область;Южный;240152;1805
750;Касимов;Рязанская область;Центральный;33494;1152
751;Кораблино;Рязанская область;Центральный;12657;1676
752;Михайлов;Рязанская область;Центральный;11783;1137
753;Новомичуринск;Рязанская область;Центральный;19309;1968
754;Рыбное;Рязанская область;Центральный;18378;1597
755;Ряжск;Рязанская область;Центральный;21676;1502
756;Рязань;Рязанская область;Центральный;525062;1095
757;Сасово;Рязанская область;Центральный;28117;1642
758;Скопин;Рязанская область;Центральный;30374;1676
759;Спас-Клепики;Рязанская область;Центральный;5917;16 век
760;Спасск-Рязанский;Рязанская область;Центральный;7745;1629
761;Шацк;Рязанская область;Центральный;6562;1553
762;Жигулёвск;Самарская область;Приволжский;57565;1949
763;Кинель;Самарская область;Приволжский;34472;1837
764;Нефтегорск;Самарская область;Приволжский;18732;1960
765;Новокуйбышевск;Самарская область;Приволжский;108449;1946
766;Октябрьск;Самарская область;Приволжский;27244;1684
767;Отрадный;Самарская область;Приволжский;47709;1920-е
768;Похвистнево;Самарская область;Приволжский;28181;1888
769;Самара;Самарская область;Приволжский;1164900;1586
770;Сызрань;Самарская область;Приволжский;178773;1683
771;Тольятти;Самарская область;Приволжский;719484;1737
772;Чапаевск;Самарская область;Приволжский;72689;1909
773;Зеленогорск;Санкт-Петербург;Северо-Западный;12859;1548
774;Колпино;Санкт-Петербург;Северо-Западный;138013;1722
775;Красное Село;Санкт-Петербург;Северо-Западный;44485;18 век
776;Кронштадт;Санкт-Петербург;Северо-Западный;42999;1704
777;Ломоносов;Санкт-Петербург;Северо-Западный;43002;1710
778;Павловск;Санкт-Петербург;Северо-Западный;16058;1777
779;Петергоф;Санкт-Петербург;Северо-Западный;73154;1711
780;Пушкин;Санкт-Петербург;Северо-Западный;92721;1710
781;Санкт-Петербург;Санкт-Петербург;Северо-Западный;4848742;1703
782;Сестрорецк;Санкт-Петербург;Северо-Западный;36680;1714
783;Аркадак;Саратовская область;Приволжский;12846;1721
784;Аткарск;Саратовская область;Приволжский;25620;18 век
785;Балаково;Саратовская область;Приволжский;199576;1762
786;Балашов;Саратовская область;Приволжский;82222;17 век
787;Вольск;Саратовская область;Приволжский;66520;1780
788;Ершов;Саратовская область;Приволжский;21447;1893
789;Калининск;Саратовская область;Приволжский;16442;1680
790;Красноармейск;Саратовская область;Приволжский;24362;1765
791;Красный Кут;Саратовская область;Приволжский;14420;1837
792;Маркс;Саратовская область;Приволжский;31535;1918
793;Новоузенск;Саратовская область;Приволжский;17015;1760
794;Петровск;Саратовская область;Приволжский;31158;1698
795;Пугачёв;Саратовская область;Приволжский;41705;1764
796;Ртищево;Саратовская область;Приволжский;41295;1666
797;Саратов;Саратовская область;Приволжский;836900;1590
798;Хвалынск;Саратовская область;Приволжский;13199;1556
799;Шиханы;Саратовская область;Приволжский;6067;1928
800;Энгельс;Саратовская область;Приволжский;202838;1747
801;Александровск-Сахалинский;Сахалинская область;Дальневосточный;10613;1869
802;Анива;Сахалинская область;Дальневосточный;8449;1886
803;Долинск;Сахалинская область;Дальневосточный;12200;1884
804;Корсаков;Сахалинская область;Дальневосточный;33526;1853
805;Курильск;Сахалинская область;Дальневосточный;2070;18 век
806;Макаров;Сахалинская область;Дальневосточный;6788;1892
807;Невельск;Сахалинская область;Дальневосточный;11682;1946
808;Оха;Сахалинская область;Дальневосточный;23007;1908
809;Поронайск;Сахалинская область;Дальневосточный;16461;1869
810;Северо-Курильск;Сахалинская область;Дальневосточный;2381;
811;Томари;Сахалинская область;Дальневосточный;4537;1870
812;Углегорск;Сахалинская область;Дальневосточный;11880;20 век
813;Холмск;Сахалинская область;Дальневосточный;30936;1870
814;Шахтёрск;Сахалинская область;Дальневосточный;8382;20 век
815;Южно-Сахалинск;Сахалинская область;Дальневосточный;181727;1882
816;Алапаевск;Свердловская область;Уральский;38198;1639
817;Арамиль;Свердловская область;Уральский;14227;1675
818;Артёмовский;Свердловская область;Уральский;32878;1665
819;Асбест;Свердловская область;Уральский;70067;1889
820;Берёзовский;Свердловская область;Уральский;51583;1748
821;Богданович;Свердловская область;Уральский;31752;1885
822;Верхний Тагил;Свердловская область;Уральский;11843;1716
823;Верхняя Пышма;Свердловская область;Уральский;58707;1854
824;Верхняя Салда;Свердловская область;Уральский;46240;1778
825;Верхняя Тура;Свердловская область;Уральский;9468;1737
826;Верхотурье;Свердловская область;Уральский;8815;1597
827;Волчанск;Свердловская область;Уральский;10008;1956
828;Дегтярск;Свердловская область;Уральский;15521;1914
829;Екатеринбург;Свердловская область;Уральский;1377738;1723
830;Заречный;Свердловская область;Уральский;26803;1955
831;Ивдель;Свердловская область;Уральский;17764;1831
832;Ирбит;Свердловская область;Уральский;38352;1631
833;Каменск-Уральский;Свердловская область;Уральский;174710;1682
834;Камышлов;Свердловская область;Уральский;26875;1668
835;Карпинск;Свердловская область;Уральский;29118;1759
836;Качканар;Свердловская область;Уральский;42563;1957
837;Кировград;Свердловская область;Уральский;21959;1661
838;Краснотурьинск;Свердловская область;Уральский;59701;1758
839;Красноуральск;Свердловская область;Уральский;24973;1925
840;Красноуфимск;Свердловская область;Уральский;80457;1736
841;Кушва;Свердловская область;Уральский;33027;1735
842;Лесной;Свердловская область;Уральский;52464;1947
843;Михайловск;Свердловская область;Уральский;9215;1805
844;Невьянск;Свердловская область;Уральский;25147;1701
845;Нижние Серги;Свердловская область;Уральский;11217;1743
846;Нижний Тагил;Свердловская область;Уральский;361883;1722
847;Нижняя Салда;Свердловская область;Уральский;17969;1760
848;Нижняя Тура;Свердловская область;Уральский;21596;1754
849;Новая Ляля;Свердловская область;Уральский;12400;1903
850;Новоуральск;Свердловская область;Уральский;91813;1941
851;Первоуральск;Свердловская область;Уральский;149800;1732
852;Полевской;Свердловская область;Уральский;64316;1718
853;Ревда;Свердловская область;Уральский;61713;1734
854;Реж;Свердловская область;Уральский;38709;1773
855;Североуральск;Свердловская область;Уральский;29279;1758
856;Серов;Свердловская область;Уральский;99381;1893
857;Среднеуральск;Свердловская область;Уральский;20357;1931
858;Сухой Лог;Свердловская область;Уральский;34836;1710
859;Сысерть;Свердловская область;Уральский;20594;1732
860;Тавда;Свердловская область;Уральский;35421;1910
861;Талица;Свердловская область;Уральский;18339;1732
862;Туринск;Свердловская область;Уральский;17990;1600
863;Алагир;Северная Осетия - Алания;Северо-Кавказский;20949;1850
864;Ардон;Северная Осетия - Алания;Северо-Кавказский;18774;1824
865;Беслан;Северная Осетия - Алания;Северо-Кавказский;36724;1847
866;Владикавказ;Северная Осетия - Алания;Северо-Кавказский;311635;1784
867;Дигора;Северная Осетия - Алания;Северо-Кавказский;10856;1852
868;Моздок;Северная Осетия - Алания;Северо-Кавказский;38748;1763
869;Велиж;Смоленская область;Центральный;7620;1536
870;Вязьма;Смоленская область;Центральный;57103;1239
871;Гагарин;Смоленская область;Центральный;31721;1705
872;Демидов;Смоленская область;Центральный;7333;1499
873;Десногорск;Смоленская область;Центральный;29677;1974
874;Дорогобуж;Смоленская область;Центральный;10720;1150
875;Духовщина;Смоленская область;Центральный;4370;1675
876;Ельня;Смоленская область;Центральный;10095;1150
877;Починок;Смоленская область;Центральный;8776;1868
878;Рославль;Смоленская область;Центральный;54898;1137
879;Рудня;Смоленская область;Центральный;10029;1363
880;Сафоново;Смоленская область;Центральный;46116;1859
881;Смоленск;Смоленская область;Центральный;326863;863
882;Сычёвка;Смоленская область;Центральный;8111;1488
883;Ярцево;Смоленская область;Центральный;47853;1610
884;Благодарный;Ставропольский край;Северо-Кавказский;32736;1782
885;Будённовск;Ставропольский край;Северо-Кавказский;64628;1799
886;Георгиевск;Ставропольский край;Северо-Кавказский;72126;1777
887;Ессентуки;Ставропольский край;Северо-Кавказский;100969;1825
888;Железноводск;Ставропольский край;Северо-Кавказский;24496;1810
889;Зеленокумск;Ставропольский край;Северо-Кавказский;35790;1781
890;Изобильный;Ставропольский край;Северо-Кавказский;40546;1895
891;Ипатово;Ставропольский край;Северо-Кавказский;26055;1860
892;Кисловодск;Ставропольский край;Северо-Кавказский;128502;1803
893;Лермонтов;Ставропольский край;Северо-Кавказский;22540;1953
894;Минеральные Воды;Ставропольский край;Северо-Кавказский;76715;1878
895;Михайловск;Ставропольский край;Северо-Кавказский;71018;1784
896;Невинномысск;Ставропольский край;Северо-Кавказский;118351;1825
897;Нефтекумск;Ставропольский край;Северо-Кавказский;27700;1958
898;Новоалександровск;Ставропольский край;Северо-Кавказский;26759;1804
899;Новопавловск;Ставропольский край;Северо-Кавказский;26556;1777
900;Пятигорск;Ставропольский край;Северо-Кавказский;142397;1780
901;Светлоград;Ставропольский край;Северо-Кавказский;38520;1786
902;Ставрополь;Ставропольский край;Северо-Кавказский;398266;1777
903;Жердевка;Тамбовская область;Центральный;15211;1745
904;Кирсанов;Тамбовская область;Центральный;17240;1702
905;Котовск;Тамбовская область;Центральный;31851;1940
906;Мичуринск;Тамбовская область;Центральный;98758;1635
907;Моршанск;Тамбовская область;Центральный;41550;1623
908;Рассказово;Тамбовская область;Центральный;45484;1698
909;Тамбов;Тамбовская область;Центральный;280457;1636
910;Уварово;Тамбовская область;Центральный;26829;1699
911;Агрыз;Татарстан;Приволжский;19299;1646
912;Азнакаево;Татарстан;Приволжский;34859;1762
913;Альметьевск;Татарстан;Приволжский;146309;18 век
914;Арск;Татарстан;Приволжский;18114;13 век
915;Бавлы;Татарстан;Приволжский;22109;1658
916;Болгар;Татарстан;Приволжский;8650;
917;Бугульма;Татарстан;Приволжский;89144;1736
918;Буинск;Татарстан;Приволжский;20342;1691
919;Елабуга;Татарстан;Приволжский;70750;11 век
920;Заинск;Татарстан;Приволжский;41798;1656
921;Зеленодольск;Татарстан;Приволжский;97651;1865
922;Казань;Татарстан;Приволжский;1143546;1005
923;Лаишево;Татарстан;Приволжский;7735;1557
924;Лениногорск;Татарстан;Приволжский;64145;1795
925;Мамадыш;Татарстан;Приволжский;14432;1391
926;Менделеевск;Татарстан;Приволжский;22075;1868
927;Мензелинск;Татарстан;Приволжский;16474;1586
928;Набережные Челны;Татарстан;Приволжский;513242;1626
929;Нижнекамск;Татарстан;Приволжский;234108;1961
930;Нурлат;Татарстан;Приволжский;32600;1905
931;Тетюши;Татарстан;Приволжский;11596;1578
932;Чистополь;Татарстан;Приволжский;60703;18 век
933;Андреаполь;Тверская область;Центральный;8265;1907
934;Бежецк;Тверская область;Центральный;24517;1137
935;Белый;Тверская область;Центральный;3771;1350
936;Бологое;Тверская область;Центральный;23499;1495
937;Весьегонск;Тверская область;Центральный;7330;1564
938;Вышний Волочёк;Тверская область;Центральный;52326;1471
939;Западная Двина;Тверская область;Центральный;9376;1900
940;Зубцов;Тверская область;Центральный;6937;1216
941;Калязин;Тверская область;Центральный;13870;1434
942;Кашин;Тверская область;Центральный;16174;1238
943;Кимры;Тверская область;Центральный;49623;1546
944;Конаково;Тверская область;Центральный;41303;1806
945;Красный Холм;Тверская область;Центральный;5608;1518
946;Кувшиново;Тверская область;Центральный;10008;1910
947;Лихославль;Тверская область;Центральный;12259;1624
948;Нелидово;Тверская область;Центральный;22886;1900
949;Осташков;Тверская область;Центральный;18073;14 век
950;Ржев;Тверская область;Центральный;62026;1216
951;Старица;Тверская область;Центральный;8610;1297
952;Тверь;Тверская область;Центральный;403726;1135
953;Торжок;Тверская область;Центральный;47702;9-10 века
954;Торопец;Тверская область;Центральный;13018;1074
955;Удомля;Тверская область;Центральный;31048;1478
956;Асино;Томская область;Сибирский;25614;1896
957;Кедровый;Томская область;Сибирский;2451;1982
958;Колпашево;Томская область;Сибирский;24126;17 век
959;Северск;Томская область;Сибирский;108466;1949
960;Стрежевой;Томская область;Сибирский;42216;1966
961;Томск;Томская область;Сибирский;522940;1604
962;Алексин;Тульская область;Центральный;61738;1348
963;Белёв;Тульская область;Центральный;13918;1147
964;Богородицк;Тульская область;Центральный;31897;1663
965;Болохово;Тульская область;Центральный;9619;16 век
966;Венёв;Тульская область;Центральный;15220;1371
967;Донской;Тульская область;Центральный;64561;1773
968;Ефремов;Тульская область;Центральный;42350;1637
969;Кимовск;Тульская область;Центральный;28493;17 век
970;Киреевск;Тульская область;Центральный;25585;1762
971;Липки;Тульская область;Центральный;8741;17 век
972;Новомосковск;Тульская область;Центральный;131227;1930
973;Плавск;Тульская область;Центральный;16248;1563
974;Суворов;Тульская область;Центральный;18975;1949
975;Тула;Тульская область;Центральный;501129;1146
976;Узловая;Тульская область;Центральный;55282;1873
977;Чекалин;Тульская область;Центральный;994;1565
978;Щёкино;Тульская область;Центральный;58154;1870
979;Ясногорск;Тульская область;Центральный;16804;1578
980;Советск;Тульская область;Центральный;7537;1949
981;Ак-Довурак;Тыва;Сибирский;13469;1964
982;Кызыл;Тыва;Сибирский;109906;1914
983;Туран;Тыва;Сибирский;4988;1885
984;Чадан;Тыва;Сибирский;9037;1873
985;Шагонар;Тыва;Сибирский;10958;1888
986;Заводоуковск;Тюменская область;Уральский;25657;1729
987;Ишим;Тюменская область;Уральский;69567;1687
988;Тобольск;Тюменская область;Уральский;99698;1587
989;Тюмень;Тюменская область;Уральский;581758;1586
990;Ялуторовск;Тюменская область;Уральский;36494;1659
991;Воткинск;Удмуртия;Приволжский;100034;1759
992;Глазов;Удмуртия;Приволжский;95835;1678
993;Ижевск;Удмуртия;Приволжский;628117;1760
994;Камбарка;Удмуртия;Приволжский;11028;1767
995;Можга;Удмуртия;Приволжский;47959;1835
996;Сарапул;Удмуртия;Приволжский;101390;1621
997;Барыш;Ульяновская область;Приволжский;17149;17 век
998;Димитровград;Ульяновская область;Приволжский;122549;1698
999;Инза;Ульяновская область;Приволжский;18547;1897
1000;Новоульяновск;Ульяновская область;Приволжский;16032;1957
1001;Сенгилей;Ульяновская область;Приволжский;6959;1666
1002;Ульяновск;Ульяновская область;Приволжский;613793;1648
1003;Амурск;Хабаровский край;Дальневосточный;42977;1958
1004;Бикин;Хабаровский край;Дальневосточный;17156;1895
1005;Вяземский;Хабаровский край;Дальневосточный;14556;1894
1006;Комсомольск-на-Амуре;Хабаровский край;Дальневосточный;263906;1932
1007;Николаевск-на-Амуре;Хабаровский край;Дальневосточный;22773;1850
1008;Советская Гавань;Хабаровский край;Дальневосточный;27712;1853
1009;Хабаровск;Хабаровский край;Дальневосточный;577668;1858
1010;Абаза;Хакасия;Сибирский;17111;1867
1011;Абакан;Хакасия;Сибирский;165183;1931
1012;Саяногорск;Хакасия;Сибирский;49889;1975
1013;Сорск;Хакасия;Сибирский;12140;1940-е
1014;Черногорск;Хакасия;Сибирский;72117;1936
1015;Белоярский;Ханты-Мансийский авт. окр.;Уральский;20283;1969
1016;Когалым;Ханты-Мансийский авт. окр.;Уральский;58192;1975
1017;Лангепас;Ханты-Мансийский авт. окр.;Уральский;41675;1980
1018;Лянтор;Ханты-Мансийский авт. окр.;Уральский;38922;1932
1019;Мегион;Ханты-Мансийский авт. окр.;Уральский;49471;1810
1020;Нефтеюганск;Ханты-Мансийский авт. окр.;Уральский;123276;1961
1021;Нижневартовск;Ханты-Мансийский авт. окр.;Уральский;251860;1909
1022;Нягань;Ханты-Мансийский авт. окр.;Уральский;54903;1965
1023;Покачи;Ханты-Мансийский авт. окр.;Уральский;17053;1984
1024;Пыть-Ях;Ханты-Мансийский авт. окр.;Уральский;41453;1968
1025;Радужный;Ханты-Мансийский авт. окр.;Уральский;43394;1973
1026;Советский;Ханты-Мансийский авт. окр.;Уральский;26434;1963
1027;Сургут;Ханты-Мансийский авт. окр.;Уральский;306703;1594
1028;Урай;Ханты-Мансийский авт. окр.;Уральский;39435;1922
1029;Ханты-Мансийск;Ханты-Мансийский авт. окр.;Уральский;79410;1582
1030;Югорск;Ханты-Мансийский авт. окр.;Уральский;34066;1962
1031;Аша;Челябинская область;Уральский;31916;1898
1032;Бакал;Челябинская область;Уральский;20953;1757
1033;Верхнеуральск;Челябинская область;Уральский;9459;1734
1034;Верхний Уфалей;Челябинская область;Уральский;30504;1761
1035;Еманжелинск;Челябинская область;Уральский;30218;1931
1036;Златоуст;Челябинская область;Уральский;174985;1754
1037;Карабаш;Челябинская область;Уральский;13151;1822
1038;Карталы;Челябинская область;Уральский;29136;1810
1039;Касли;Челябинская область;Уральский;16998;1747
1040;Катав-Ивановск;Челябинская область;Уральский;17640;1755
1041;Копейск;Челябинская область;Уральский;137604;1907
1042;Коркино;Челябинская область;Уральский;38950;1795
1043;Куса;Челябинская область;Уральский;18792;1778
1044;Кыштым;Челябинская область;Уральский;38950;1757
1045;Магнитогорск;Челябинская область;Уральский;408401;1929
1046;Миасс;Челябинская область;Уральский;151812;1773
1047;Миньяр;Челябинская область;Уральский;10195;1771
1048;Нязепетровск;Челябинская область;Уральский;12452;1747
1049;Озёрск;Челябинская область;Уральский;82268;1945
1050;Пласт;Челябинская область;Уральский;17344;1940
1051;Сатка;Челябинская область;Уральский;45465;1758
1052;Сим;Челябинская область;Уральский;14465;1759
1053;Снежинск;Челябинская область;Уральский;48896;1957
1054;Трёхгорный;Челябинская область;Уральский;33678;1952
1055;Троицк;Челябинская область;Уральский;78637;1743
1056;Усть-Катав;Челябинская область;Уральский;23586;1758
1057;Чебаркуль;Челябинская область;Уральский;43405;1736
1058;Челябинск;Челябинская область;Уральский;1130273;1736
1059;Южноуральск;Челябинская область;Уральский;37890;1948
1060;Юрюзань;Челябинская область;Уральский;12568;1758
1061;Аргун;Чечня;Северо-Кавказский;29528;18 век
1062;Грозный;Чечня;Северо-Кавказский;271596;1818
1063;Гудермес;Чечня;Северо-Кавказский;45643;19 век
1064;Урус-Мартан;Чечня;Северо-Кавказский;49071;18 век
1065;Шали;Чечня;Северо-Кавказский;47715;
1066;Алатырь;Чувашия;Приволжский;38202;1552
1067;Канаш;Чувашия;Приволжский;45608;1892
1068;Козловка;Чувашия;Приволжский;10355;1671
1069;Мариинский Посад;Чувашия;Приволжский;10186;1620
1070;Новочебоксарск;Чувашия;Приволжский;124094;1960
1071;Цивильск;Чувашия;Приволжский;13478;1589
1072;Чебоксары;Чувашия;Приволжский;447929;1781
1073;Шумерля;Чувашия;Приволжский;33412;1916
1074;Ядрин;Чувашия;Приволжский;9614;1590
1075;Анадырь;Чукотский авт. окр.;Дальневосточный;13053;1889
1076;Билибино;Чукотский авт. окр.;Дальневосточный;5504;1955
1077;Певек;Чукотский авт. окр.;Дальневосточный;4161;1933
1078;Алдан;Якутия;Дальневосточный;21277;1924
1079;Верхоянск;Якутия;Дальневосточный;1311;1638
1080;Вилюйск;Якутия;Дальневосточный;10233;1634
1081;Ленск;Якутия;Дальневосточный;24955;1663
1082;Мирный;Якутия;Дальневосточный;37179;1955
1083;Нерюнгри;Якутия;Дальневосточный;61746;1975
1084;Нюрба;Якутия;Дальневосточный;10156;1824
1085;Олёкминск;Якутия;Дальневосточный;9487;1635
1086;Покровск;Якутия;Дальневосточный;9495;1682
1087;Среднеколымск;Якутия;Дальневосточный;3525;1643
1088;Томмот;Якутия;Дальневосточный;8054;1923
1089;Удачный;Якутия;Дальневосточный;12611;1967
1090;Якутск;Якутия;Дальневосточный;269486;1632
1091;Губкинский;Ямало-Ненецкий авт. окр.;Уральский;23340;1986
1092;Лабытнанги;Ямало-Ненецкий авт. окр.;Уральский;26948;1890
1093;Муравленко;Ямало-Ненецкий авт. окр.;Уральский;33401;1984
1094;Надым;Ямало-Ненецкий авт. окр.;Уральский;46550;1597
1095;Новый Уренгой;Ямало-Ненецкий авт. окр.;Уральский;104144;1975
1096;Ноябрьск;Ямало-Ненецкий авт. окр.;Уральский;110572;1976
1097;Салехард;Ямало-Ненецкий авт. окр.;Уральский;42494;1595
1098;Тарко-Сале;Ямало-Ненецкий авт. окр.;Уральский;20372;1932
1099;Гаврилов-Ям;Ярославская область;Центральный;17792;1545
1100;Данилов;Ярославская область;Центральный;15861;15 век
1101;Любим;Ярославская область;Центральный;5553;1538
1102;Мышкин;Ярославская область;Центральный;5932;15 век
1103;Переславль-Залесский;Ярославская область;Центральный;41923;1152
1104;Пошехонье;Ярославская область;Центральный;6085;17 век
1105;Ростов;Ярославская область;Центральный;31791;912
1106;Рыбинск;Ярославская область;Центральный;200771;1071
1107;Тутаев;Ярославская область;Центральный;41001;13 век
1108;Углич;Ярославская область;Центральный;34505;1148
1109;Ярославль;Ярославская область;Центральный;591486;1010